{"assets/icons/app_icon/icon.png":["assets/icons/app_icon/icon.png"],"assets/icons/card_icon/AvatarCardIcon.png":["assets/icons/card_icon/AvatarCardIcon.png"],"assets/icons/card_icon/DateCardIcon.png":["assets/icons/card_icon/DateCardIcon.png"],"assets/icons/card_icon/EventTypeCardIcon.png":["assets/icons/card_icon/EventTypeCardIcon.png"],"assets/icons/card_icon/LocationCardIcon.png":["assets/icons/card_icon/LocationCardIcon.png"],"assets/icons/card_icon/RightArrowCardIcon.png":["assets/icons/card_icon/RightArrowCardIcon.png"],"assets/icons/card_icon/SecondaryLocationCardIcon.png":["assets/icons/card_icon/SecondaryLocationCardIcon.png"],"assets/icons/card_icon/cardImgExample.png":["assets/icons/card_icon/cardImgExample.png"],"assets/icons/details_page/ArrowBackDetailsPage.png":["assets/icons/details_page/ArrowBackDetailsPage.png"],"assets/icons/details_page/bookedDetailButtonState.png":["assets/icons/details_page/bookedDetailButtonState.png"],"assets/icons/details_page/inProgressDetailButtonState.png":["assets/icons/details_page/inProgressDetailButtonState.png"],"assets/icons/details_page/participateDetailButtonState.png":["assets/icons/details_page/participateDetailButtonState.png"],"assets/icons/details_page/scanShareDetailButtonState.png":["assets/icons/details_page/scanShareDetailButtonState.png"],"assets/icons/events_page/DoneEventCardStateIcon.png":["assets/icons/events_page/DoneEventCardStateIcon.png"],"assets/icons/events_page/InProgressEventCardStateIcon.png":["assets/icons/events_page/InProgressEventCardStateIcon.png"],"assets/icons/events_page/LockedEventCardStateIcon.png":["assets/icons/events_page/LockedEventCardStateIcon.png"],"assets/icons/events_page/WaitPaymentEventCardStateIcon.png":["assets/icons/events_page/WaitPaymentEventCardStateIcon.png"],"assets/icons/map/MapCloseIcon.png":["assets/icons/map/MapCloseIcon.png"],"assets/icons/nav_bar_icons/FeedTabIcon.png":["assets/icons/nav_bar_icons/FeedTabIcon.png"],"assets/icons/nav_bar_icons/MyTourTabIcon.png":["assets/icons/nav_bar_icons/MyTourTabIcon.png"],"assets/icons/nav_bar_icons/ProfileTabIcon.png":["assets/icons/nav_bar_icons/ProfileTabIcon.png"],"assets/icons/profile_page/ProfilePageDoneMarkIcon.png":["assets/icons/profile_page/ProfilePageDoneMarkIcon.png"],"assets/icons/profile_page/ProfilePageLeaveIcon.png":["assets/icons/profile_page/ProfilePageLeaveIcon.png"],"assets/icons/profile_page/ProfilePagePencileIcon.png":["assets/icons/profile_page/ProfilePagePencileIcon.png"],"assets/images/.DS_Store":["assets/images/.DS_Store"],"assets/images/AuthGoogleImg.png":["assets/images/AuthGoogleImg.png"],"assets/images/AuthVkImg.png":["assets/images/AuthVkImg.png"],"assets/images/background.png":["assets/images/background.png"],"assets/images/logo.png":["assets/images/logo.png"],"assets/images/logoDesktopClient.png":["assets/images/logoDesktopClient.png"],"assets/images/logoSplash.png":["assets/images/logoSplash.png"],"assets/images/map/MapExample.png":["assets/images/map/MapExample.png"],"assets/images/map/MapExampleHightRes.png":["assets/images/map/MapExampleHightRes.png"],"assets/images/profile_page/profilePageAvatarImage.png":["assets/images/profile_page/profilePageAvatarImage.png"],"fonts/Inter/Inter-Black.ttf":["fonts/Inter/Inter-Black.ttf"],"fonts/Inter/Inter-Bold.ttf":["fonts/Inter/Inter-Bold.ttf"],"fonts/Inter/Inter-ExtraBold.ttf":["fonts/Inter/Inter-ExtraBold.ttf"],"fonts/Inter/Inter-ExtraLight.ttf":["fonts/Inter/Inter-ExtraLight.ttf"],"fonts/Inter/Inter-Light.ttf":["fonts/Inter/Inter-Light.ttf"],"fonts/Inter/Inter-Medium.ttf":["fonts/Inter/Inter-Medium.ttf"],"fonts/Inter/Inter-Regular.ttf":["fonts/Inter/Inter-Regular.ttf"],"fonts/Inter/Inter-SemiBold.ttf":["fonts/Inter/Inter-SemiBold.ttf"],"fonts/Inter/Inter-Thin.ttf":["fonts/Inter/Inter-Thin.ttf"],"packages/cupertino_icons/assets/CupertinoIcons.ttf":["packages/cupertino_icons/assets/CupertinoIcons.ttf"]}