[{"family":"MaterialIcons","fonts":[{"asset":"fonts/MaterialIcons-Regular.otf"}]},{"family":"Inter","fonts":[{"weight":900,"asset":"fonts/Inter/Inter-Black.ttf"},{"weight":800,"asset":"fonts/Inter/Inter-ExtraBold.ttf"},{"weight":700,"asset":"fonts/Inter/Inter-Bold.ttf"},{"weight":600,"asset":"fonts/Inter/Inter-SemiBold.ttf"},{"weight":500,"asset":"fonts/Inter/Inter-Medium.ttf"},{"weight":400,"asset":"fonts/Inter/Inter-Regular.ttf"},{"weight":300,"asset":"fonts/Inter/Inter-Light.ttf"},{"weight":200,"asset":"fonts/Inter/Inter-ExtraLight.ttf"},{"weight":100,"asset":"fonts/Inter/Inter-Thin.ttf"}]},{"family":"packages/cupertino_icons/CupertinoIcons","fonts":[{"asset":"packages/cupertino_icons/assets/CupertinoIcons.ttf"}]}]